<?xml version="1.0"?>
<!--<!DOCTYPE metadata SYSTEM "http://www.esri.com/metadata/esriprof80.dtd">-->
<metadata xml:lang="ar"><Esri><CreaDate>20161227</CreaDate><CreaTime>23033100</CreaTime><SyncOnce>TRUE</SyncOnce><DataProperties><lineage><Process Name="Créer la classe d'entités" ToolSource="C:\Program Files\ArcGIS\ArcToolbox\Toolboxes\Data Management Tools.tbx\CreateFeatureclass" Date="20061110" Time="104352">CreateFeatureclass C:\stage_2006\rggt_augt_reseau_routier.mdb\ref_graphique COMMUNE # COMMUNE_Layer SAME_AS_TEMPLATE SAME_AS_TEMPLATE "PROJCS['Lambert_STT',GEOGCS['GCS_Carthage_Degree',DATUM['D_Carthage',SPHEROID['Clarke_1880_IGN',6378249.2,293.46602]],PRIMEM['Greenwich',0.0],UNIT['Degree',0.0174532925199433]],PROJECTION['Lambert_Conformal_Conic'],PARAMETER['False_Easting',0.0],PARAMETER['False_Northing',0.0],PARAMETER['Central_Meridian',9.9],PARAMETER['Standard_Parallel_1',37.575],PARAMETER['Standard_Parallel_2',34.425],PARAMETER['Scale_Factor',1.0],PARAMETER['Latitude_Of_Origin',36.0],UNIT['Meter',1.0]];-32000.000000 48000.000000 26843.545563;0.000000 100000.000000;0.000000 100000.000000" # 0 0 0 C:\stage_2006\rggt_augt_reseau_routier.mdb\ref_graphique\COMMUNE</Process><Process Name="Ajouter" ToolSource="C:\Program Files\ArcGIS\ArcToolbox\Toolboxes\Data Management Tools.tbx\Append" Date="20061110" Time="104352">Append COMMUNE_Layer C:\stage_2006\rggt_augt_reseau_routier.mdb\ref_graphique\COMMUNE TEST C:\stage_2006\rggt_augt_reseau_routier.mdb\ref_graphique\COMMUNE</Process><Process Name="FeatureClassToFeatureClass_15" ToolSource="C:\Program Files\ArcGIS\ArcToolbox\Toolboxes\Conversion Tools.tbx\FeatureClassToFeatureClass" Date="20061110" Time="104353">FeatureClassToFeatureClass Y:\referentiels\rggt\digit\donnees\rggt_augt_voirie.mdb\ref_graphique\COMMUNE C:\stage_2006\rggt_augt_reseau_routier.mdb\ref_graphique COMMUNE # "CODE_AUGT_CO CODE_AUGT_CO VISIBLE;CODE_AUGT_GV CODE_AUGT_GV VISIBLE;CODE_INS_CO CODE_INS_CO VISIBLE;NOM_AR_CO NOM_AR_CO VISIBLE;NOM_FR_CO NOM_FR_CO VISIBLE;DATE_CRE_CO DATE_CRE_CO VISIBLE;DATE_MAJ_CO DATE_MAJ_CO VISIBLE;Shape_Length Shape_Length VISIBLE;Shape_Area Shape_Area VISIBLE" SAME_AS_TEMPLATE SAME_AS_TEMPLATE # 0 C:\stage_2006\rggt_augt_reseau_routier.mdb\ref_graphique\COMMUNE "PROJCS['Lambert_STT',GEOGCS['GCS_Carthage_Degree',DATUM['D_Carthage',SPHEROID['Clarke_1880_IGN',6378249.2,293.46602]],PRIMEM['Greenwich',0.0],UNIT['Degree',0.0174532925199433]],PROJECTION['Lambert_Conformal_Conic'],PARAMETER['False_Easting',0.0],PARAMETER['False_Northing',0.0],PARAMETER['Central_Meridian',9.9],PARAMETER['Standard_Parallel_1',37.575],PARAMETER['Standard_Parallel_2',34.425],PARAMETER['Scale_Factor',1.0],PARAMETER['Latitude_Of_Origin',36.0],UNIT['Meter',1.0]];-32000.000000 48000.000000 26843.545563;0.000000 100000.000000;0.000000 100000.000000"</Process><Process ToolSource="c:\program files (x86)\arcgis\desktop10.1\ArcToolbox\Toolboxes\Data Management Tools.tbx\Project" Date="20161227" Time="225536">Project commune "D:\Sabrine1\Nouveau dossier\commune_Project.shp" PROJCS['WGS_1984_UTM_Zone_32N',GEOGCS['GCS_WGS_1984',DATUM['D_WGS_1984',SPHEROID['WGS_1984',6378137.0,298.257223563]],PRIMEM['Greenwich',0.0],UNIT['Degree',0.0174532925199433]],PROJECTION['Transverse_Mercator'],PARAMETER['False_Easting',500000.0],PARAMETER['False_Northing',0.0],PARAMETER['Central_Meridian',9.0],PARAMETER['Scale_Factor',0.9996],PARAMETER['Latitude_Of_Origin',0.0],UNIT['Meter',1.0]] Carthage_To_WGS_1984 PROJCS['Lambert_STT',GEOGCS['GCS_Carthage',DATUM['D_Carthage',SPHEROID['Clarke_1880_IGN',6378249.2,293.46602]],PRIMEM['Greenwich',0.0],UNIT['Degree',0.0174532925199433]],PROJECTION['Lambert_Conformal_Conic'],PARAMETER['False_Easting',0.0],PARAMETER['False_Northing',0.0],PARAMETER['Central_Meridian',9.9],PARAMETER['Standard_Parallel_1',37.575],PARAMETER['Standard_Parallel_2',34.425],PARAMETER['Scale_Factor',1.0],PARAMETER['Latitude_Of_Origin',36.0],UNIT['Meter',1.0]]</Process></lineage></DataProperties><ArcGISFormat>1.0</ArcGISFormat></Esri><idinfo><citation><citeinfo><onlink Sync="TRUE"></onlink></citeinfo></citation></idinfo><distInfo><distributor><distorTran><onLineSrc><linkage Sync="TRUE">file://</linkage><protocol Sync="TRUE">Local Area Network</protocol></onLineSrc></distorTran></distributor></distInfo><dataqual><lineage><procstep><procdesc Sync="TRUE">Dataset copied.</procdesc><srcused Sync="TRUE">\\192.192.2.251\serveur_production\referentiels\rggt\final\donnees\rggt_augt_2008.mdb</srcused><procdate Sync="TRUE">20081222</procdate><proctime Sync="TRUE">10454800</proctime></procstep><procstep><procdesc Sync="TRUE">Dataset copied.</procdesc><srcused Sync="TRUE"></srcused><procdate Sync="TRUE">20090212</procdate><proctime Sync="TRUE">15164800</proctime></procstep></lineage></dataqual></metadata>
